title,artists,entry_1,entry_2,entry_3,weeks_1,weeks_2,weeks_3
"""The Chipmunk Song""
","The Chipmunks with David Seville
","January 5
 1959",,,2,,
"""Smoke Gets in Your Eyes""
","The Platters
","January 19
 1959",,,3,,
"""Stagger Lee""
","Lloyd Price
","February 9
 1959",,,4,,
"""Venus""
","Frankie Avalon
","March 9
 1959",,,5,,
"""Come Softly to Me""
","The Fleetwoods
","April 13
 1959",,,4,,
"""The Happy Organ""
","Dave ""Baby"" Cortez
","May 11
 1959",,,1,,
"""Kansas City""
","Wilbert Harrison
","May 18
 1959",,,2,,
"""The Battle of New Orleans""
","Johnny Horton
","June 1
 1959",,,6,,
"""Lonely Boy""
","Paul Anka
","July 13
 1959",,,4,,
"""A Big Hunk o' Love""
","Elvis Presley
","August 10
 1959",,,2,,
"""The Three Bells""
","The Browns
","August 24
 1959",,,4,,
"""Sleep Walk""
","Santo & Johnny
","September 21
 1959",,,2,,
"""Mack the Knife""
","Bobby Darin
","October 5
 1959","November 23
 1959",,6,3,
"""Mr. Blue""
","The Fleetwoods
","November 16
 1959",,,1,,
"""Heartaches by the Number""
","Guy Mitchell
","December 14
 1959",,,2,,
"""Why""
","Frankie Avalon
","December 28
 1959",,,1,,
"""El Paso""
","Marty Robbins
","January 4
 1960",,,2,,
"""Running Bear""
","Johnny Preston
","January 18
 1960",,,3,,
"""Teen Angel""
","Mark Dinning
","February 8
 1960",,,2,,
"""Theme from A Summer Place""
","Percy Faith
","February 22
 1960",,,9,,
"""Stuck on You""
","Elvis Presley
","April 25
 1960",,,4,,
"""Cathy's Clown""
","The Everly Brothers
","May 23
 1960",,,5,,
"""Everybody's Somebody's Fool""
","Connie Francis
","June 27
 1960",,,2,,
"""Alley Oop""
","Hollywood Argyles
","July 11
 1960",,,1,,
"""I'm Sorry""
","Brenda Lee
","July 18
 1960",,,3,,
"""Itsy Bitsy Teenie Weenie Yellow Polka Dot Bikini""
","Brian Hyland
","August 8
 1960",,,1,,
"""It's Now or Never""
","Elvis Presley
","August 15
 1960",,,5,,
"""The Twist""
","Chubby Checker
","September 19
 1960","January 13
 1962",,1,2,
"""My Heart Has a Mind of Its Own""
","Connie Francis
","September 26
 1960",,,2,,
"""Mr. Custer""
","Larry Verne
","October 10
 1960",,,1,,
"""Save the Last Dance for Me""
","The Drifters
","October 17
 1960","October 31
 1960",,1,2,
"""I Want to Be Wanted""
","Brenda Lee
","October 24
 1960",,,1,,
"""Georgia on My Mind""
","Ray Charles
","November 14
 1960",,,1,,
"""Stay""
","Maurice Williams and the Zodiacs
","November 21
 1960",,,1,,
"""Are You Lonesome Tonight?""
","Elvis Presley
","November 28
 1960","January 2
 1961",,5,1,
"""Wonderland by Night""
","Bert Kaempfert
","January 9
 1961",,,3,,
"""Will You Love Me Tomorrow""
","The Shirelles
","January 30
 1961",,,2,,
"""Calcutta""
","Lawrence Welk
","February 13
 1961",,,2,,
"""Pony Time""
","Chubby Checker
","February 27
 1961",,,3,,
"""Surrender""
","Elvis Presley
","March 20
 1961",,,2,,
"""Blue Moon""
","The Marcels
","April 3
 1961",,,3,,
"""Runaway""
","Del Shannon
","April 24
 1961",,,4,,
"""Mother-in-Law""
","Ernie K-Doe
","May 22
 1961",,,1,,
"""Travelin' Man""
","Ricky Nelson
","May 29
 1961","June 12
 1961",,1,1,
"""Running Scared""
","Roy Orbison
","June 5
 1961",,,1,,
"""Moody River""
","Pat Boone
","June 19
 1961",,,1,,
"""Quarter to Three""
","U.S. Bonds
","June 26
 1961",,,2,,
"""Tossin' and Turnin'""
","Bobby Lewis
","July 10
 1961",,,7,,
"""Wooden Heart""
","Joe Dowell
","August 28
 1961",,,1,,
"""Michael""
","The Highwaymen
","September 4
 1961",,,2,,
"""Take Good Care of My Baby""
","Bobby Vee
","September 18
 1961",,,3,,
"""Hit the Road Jack""
","Ray Charles
","October 9
 1961",,,2,,
"""Runaround Sue""
","Dion
","October 23
 1961",,,2,,
"""Big Bad John""
","Jimmy Dean
","November 6
 1961",,,5,,
"""Please Mr. Postman""
","The Marvelettes
","December 11
 1961",,,1,,
"""The Lion Sleeps Tonight""
","The Tokens
","December 18
 1961",,,3,,
"""Peppermint Twist""
","Joey Dee and the Starliters
","January 27
 1962",,,3,,
"""Duke of Earl""
","Gene Chandler
","February 17
 1962",,,3,,
"""Hey! Baby""
","Bruce Channel
","March 10
 1962",,,3,,
"""Don't Break the Heart That Loves You""
","Connie Francis
","March 31
 1962",,,1,,
"""Johnny Angel""
","Shelley Fabares
","April 7
 1962",,,2,,
"""Good Luck Charm""
","Elvis Presley
","April 21
 1962",,,2,,
"""Soldier Boy""
","The Shirelles
","May 5
 1962",,,3,,
"""Stranger on the Shore""
","Mr. Acker Bilk
","May 26
 1962",,,1,,
"""I Can't Stop Loving You""
","Ray Charles
","June 2
 1962",,,5,,
"""The Stripper""
","David Rose
","July 7
 1962",,,1,,
"""Roses Are Red (My Love)""
","Bobby Vinton
","July 14
 1962",,,4,,
"""Breaking Up Is Hard to Do""
","Neil Sedaka
","August 11
 1962",,,2,,
"""The Loco-Motion""
","Little Eva
","August 25
 1962",,,1,,
"""Sheila""
","Tommy Roe
","September 1
 1962",,,2,,
"""Sherry""
","The Four Seasons
","September 15
 1962",,,5,,
"""Monster Mash""
","Bobby 'Boris' Pickett & the Crypt-Kickers
","October 20
 1962",,,2,,
"""He's a Rebel""
","The Crystals
","November 3
 1962",,,2,,
"""Big Girls Don't Cry""
","The Four Seasons
","November 17
 1962",,,5,,
"""Telstar""
","The Tornados
","December 22
 1962",,,3,,
"""Go Away Little Girl""
","Steve Lawrence
","January 12
 1963",,,2,,
"""Walk Right In""
","The Rooftop Singers
","January 26
 1963",,,2,,
"""Hey Paula""
","Paul & Paula
","February 9
 1963",,,3,,
"""Walk Like a Man""
","The Four Seasons
","March 2
 1963",,,3,,
"""Our Day Will Come""
","Ruby & the Romantics
","March 23
 1963",,,1,,
"""He's So Fine""
","The Chiffons
","March 30
 1963",,,4,,
"""I Will Follow Him""
","Little Peggy March
","April 27
 1963",,,3,,
"""If You Wanna Be Happy""
","Jimmy Soul
","May 18
 1963",,,2,,
"""It's My Party""
","Lesley Gore
","June 1
 1963",,,2,,
"""Sukiyaki""
","Kyu Sakamoto
","June 15
 1963",,,3,,
"""Easier Said Than Done""
","The Essex
","July 6
 1963",,,2,,
"""Surf City""
","Jan and Dean
","July 20
 1963",,,2,,
"""So Much in Love""
","The Tymes
","August 3
 1963",,,1,,
"""Fingertips Pt. 2""
","Little Stevie Wonder
","August 10
 1963",,,3,,
"""My Boyfriend's Back""
","The Angels
","August 31
 1963",,,3,,
"""Blue Velvet""
","Bobby Vinton
","September 21
 1963",,,3,,
"""Sugar Shack""
","Jimmy Gilmer and the Fireballs
","October 12
 1963",,,5,,
"""Deep Purple""
","Nino Tempo and April Stevens
","November 16
 1963",,,1,,
"""I'm Leaving It Up to You""
","Dale & Grace
","November 23
 1963",,,2,,
"""Dominique""
","The Singing Nun
","December 7
 1963",,,4,,
"""There! I've Said It Again""
","Bobby Vinton
","January 4
 1964",,,4,,
"""I Want to Hold Your Hand""
","The Beatles
","February 1
 1964",,,7,,
"""She Loves You""
","
","March 21
 1964",,,2,,
"""Can't Buy Me Love""
","
","April 4
 1964",,,5,,
"""Hello, Dolly!""
","Louis Armstrong
","May 9
 1964",,,1,,
"""My Guy""
","Mary Wells
","May 16
 1964",,,2,,
"""Love Me Do""
","The Beatles
","May 30
 1964",,,1,,
"""Chapel of Love""
","The Dixie Cups
","June 6
 1964",,,3,,
"""A World Without Love""
","Peter and Gordon
","June 27
 1964",,,1,,
"""I Get Around""
","The Beach Boys
","July 4
 1964",,,2,,
"""Rag Doll""
","The Four Seasons
","July 18
 1964",,,2,,
"""A Hard Day's Night""
","The Beatles
","August 1
 1964",,,2,,
"""Everybody Loves Somebody""
","Dean Martin
","August 15
 1964",,,1,,
"""Where Did Our Love Go""
","The Supremes
","August 22
 1964",,,2,,
"""The House of the Rising Sun""
","The Animals
","September 5
 1964",,,3,,
"""Oh, Pretty Woman""
","Roy Orbison
","September 26
 1964",,,3,,
"""Do Wah Diddy Diddy""
","Manfred Mann
","October 17
 1964",,,2,,
"""Baby Love""
","The Supremes
","October 31
 1964",,,4,,
"""Leader of the Pack""
","The Shangri-Las
","November 28
 1964",,,1,,
"""Ringo""
","Lorne Greene
","December 5
 1964",,,1,,
"""Mr. Lonely""
","Bobby Vinton
","December 12
 1964",,,1,,
"""Come See About Me""
","The Supremes
","December 19
 1964","January 16
 1965",,1,1,
"""I Feel Fine""
","The Beatles
","December 26
 1964",,,3,,
"""Downtown""
","Petula Clark
","January 23
 1965",,,2,,
"""You've Lost That Lovin' Feelin'""
","The Righteous Brothers
","February 6
 1965",,,2,,
"""This Diamond Ring""
","Gary Lewis & the Playboys
","February 20
 1965",,,2,,
"""My Girl""
","The Temptations
","March 6
 1965",,,1,,
"""Eight Days a Week""
","The Beatles
","March 13
 1965",,,2,,
"""Stop! In the Name of Love""
","The Supremes
","March 27
 1965",,,2,,
"""I'm Telling You Now""
","Freddie and the Dreamers
","April 10
 1965",,,2,,
"""Game of Love""
","Wayne Fontana and  the Mindbenders
","April 24
 1965",,,1,,
"""Mrs. Brown, You've Got a Lovely Daughter""
","Herman's Hermits
","May 1
 1965",,,3,,
"""Ticket to Ride""
","The Beatles
","May 22
 1965",,,1,,
"""Help Me, Rhonda""
","The Beach Boys
","May 29
 1965",,,2,,
"""Back in My Arms Again""
","The Supremes
","June 12
 1965",,,1,,
"""I Can't Help Myself (Sugar Pie Honey Bunch)""
","Four Tops
","June 19
 1965","July 3
 1965",,1,1,
"""Mr. Tambourine Man""
","The Byrds
","June 26
 1965",,,1,,
"""(I Can't Get No) Satisfaction""
","The Rolling Stones
","July 10
 1965",,,4,,
"""I'm Henry VIII, I Am""
","Herman's Hermits
","August 7
 1965",,,1,,
"""I Got You Babe""
","Sonny & Cher
","August 14
 1965",,,3,,
"""Help!""
","The Beatles
","September 4
 1965",,,3,,
"""Eve of Destruction""
","Barry McGuire
","September 25
 1965",,,1,,
"""Hang On Sloopy""
","The McCoys
","October 2
 1965",,,1,,
"""Yesterday""
","The Beatles
","October 9
 1965",,,4,,
"""Get Off of My Cloud""
","The Rolling Stones
","November 6
 1965",,,2,,
"""I Hear a Symphony""
","The Supremes
","November 20
 1965",,,2,,
"""Turn! Turn! Turn! (To Everything There Is a Season)""
","The Byrds
","December 4
 1965",,,3,,
"""Over and Over""
","The Dave Clark Five
","December 25
 1965",,,1,,
"""The Sound of Silence""
","Simon & Garfunkel
","January 1
 1966","January 22
 1966",,1,1,
"""We Can Work It Out""
","The Beatles
","January 8
 1966","January 29
 1966",,2,1,
"""My Love""
","Petula Clark
","February 5
 1966",,,2,,
"""Lightnin' Strikes""
","Lou Christie
","February 19
 1966",,,1,,
"""These Boots Are Made for Walkin'""
","Nancy Sinatra
","February 26
 1966",,,1,,
"""Ballad of the Green Berets""
","SSgt Barry Sadler
","March 5
 1966",,,5,,
"""(You're My) Soul and Inspiration""
","The Righteous Brothers
","April 9
 1966",,,3,,
"""Good Lovin'""
","The Young Rascals
","April 30
 1966",,,1,,
"""Monday, Monday""
","The Mamas & the Papas
","May 7
 1966",,,3,,
"""When a Man Loves a Woman""
","Percy Sledge
","May 28
 1966",,,2,,
"""Paint It Black""
","The Rolling Stones
","June 11
 1966",,,2,,
"""Paperback Writer""
","The Beatles
","June 25
 1966","July 9
 1966",,1,1,
"""Strangers in the Night""
","Frank Sinatra
","July 2
 1966",,,1,,
"""Hanky Panky""
","Tommy James and the Shondells
","July 16
 1966",,,2,,
"""Wild Thing""
","The Troggs
","July 30
 1966",,,2,,
"""Summer in the City""
","The Lovin' Spoonful
","August 13
 1966",,,3,,
"""Sunshine Superman""
","Donovan
","September 3
 1966",,,1,,
"""You Can't Hurry Love""
","The Supremes
","September 10
 1966",,,2,,
"""Cherish""
","The Association
","September 24
 1966",,,3,,
"""Reach Out I'll Be There""
","Four Tops
","October 15
 1966",,,2,,
"""96 Tears""
","? and the Mysterians
","October 29
 1966",,,1,,
"""Last Train to Clarksville""
","The Monkees
","November 5
 1966",,,1,,
"""Poor Side of Town""
","Johnny Rivers
","November 12
 1966",,,1,,
"""You Keep Me Hangin' On""
","The Supremes
","November 19
 1966",,,2,,
"""Winchester Cathedral""
","The New Vaudeville Band
","December 3
 1966","December 17
 1966",,1,2,
"""Good Vibrations""
","The Beach Boys
","December 10
 1966",,,1,,
"""I'm a Believer""
","The Monkees
","December 31
 1966",,,7,,
"""Kind of a Drag""
","The Buckinghams
","February 18
 1967",,,2,,
"""Ruby Tuesday""
","The Rolling Stones
","March 4
 1967",,,1,,
"""Love Is Here and Now You're Gone""
","The Supremes
","March 11
 1967",,,1,,
"""Penny Lane""
","The Beatles
","March 18
 1967",,,1,,
"""Happy Together""
","The Turtles
","March 25
 1967",,,3,,
"""Somethin' Stupid""
","Nancy Sinatra and Frank Sinatra
","April 15
 1967",,,4,,
"""The Happening""
","The Supremes
","May 13
 1967",,,1,,
"""Groovin'""
","The Young Rascals
","May 20
 1967","June 17
 1967",,2,2,
"""Respect""
","Aretha Franklin
","June 3
 1967",,,2,,
"""Windy""
","The Association
","July 1
 1967",,,4,,
"""Light My Fire""
","The Doors
","July 29
 1967",,,3,,
"""All You Need Is Love""
","The Beatles
","August 19
 1967",,,1,,
"""Ode to Billie Joe""
","Bobbie Gentry
","August 26
 1967",,,4,,
"""The Letter""
","Box Tops
","September 23
 1967",,,4,,
"""To Sir With Love""
","Lulu
","October 21
 1967",,,5,,
"""Incense and Peppermints""
","Strawberry Alarm Clock
","November 25
 1967",,,1,,
"""Daydream Believer""
","The Monkees
","December 2
 1967",,,4,,
"""Hello, Goodbye""
","The Beatles
","December 30
 1967",,,3,,
"""Judy in Disguise (With Glasses)""
","John Fred and His Playboy Band
","January 20
 1968",,,2,,
"""Green Tambourine""
","The Lemon Pipers
","February 3
 1968",,,1,,
"""Love is Blue""
","Paul Mauriat
","February 10
 1968",,,5,,
"""(Sittin' On) The Dock of the Bay""
","Otis Redding
","March 16
 1968",,,4,,
"""Honey""
","Bobby Goldsboro
","April 13
 1968",,,5,,
"""Tighten Up""
","Archie Bell & the Drells
","May 18
 1968",,,2,,
"""Mrs. Robinson""
","Simon & Garfunkel
","June 1
 1968",,,3,,
"""This Guy's in Love with You""
","Herb Alpert
","June 22
 1968",,,4,,
"""Grazing in the Grass""
","Hugh Masekela
","July 20
 1968",,,2,,
"""Hello, I Love You""
","The Doors
","August 3
 1968",,,2,,
"""People Got to Be Free""
","The Rascals
","August 17
 1968",,,5,,
"""Harper Valley PTA""
","Jeannie C. Riley
","September 21
 1968",,,1,,
"""Hey Jude""
","The Beatles
","September 28
 1968",,,9,,
"""Love Child""
","Diana Ross & the Supremes
","November 30
 1968",,,2,,
"""I Heard It Through the Grapevine""
","Marvin Gaye
","December 14
 1968",,,7,,
"""Crimson and Clover""
","Tommy James and the Shondells
","February 1
 1969",,,2,,
"""Everyday People""
","Sly & the Family Stone
","February 15
 1969",,,4,,
"""Dizzy""
","Tommy Roe
","March 15
 1969",,,4,,
"""Aquarius/Let the Sunshine In (The Flesh Failures)""
","The 5th Dimension
","April 12
 1969",,,6,,
"""Get Back""
","The Beatles with Billy Preston
","May 24
 1969",,,5,,
"""Love Theme from Romeo and Juliet""
","Henry Mancini
","June 28
 1969",,,2,,
"""In the Year 2525 (Exordium and Terminus)""
","Zager and Evans
","July 12
 1969",,,6,,
"""Honky Tonk Women""
","The Rolling Stones
","August 23
 1969",,,4,,
"""Sugar, Sugar""
","The Archies
","September 20
 1969",,,4,,
"""I Can't Get Next to You""
","The Temptations
","October 18
 1969",,,2,,
"""Suspicious Minds""
","Elvis Presley
","November 1
 1969",,,1,,
"""Wedding Bell Blues""
","The 5th Dimension
","November 8
 1969",,,3,,
"""Come Together"" / ""Something""
","The Beatles
","November 29
 1969",,,1,,
"""Na Na Hey Hey Kiss Him Goodbye""
","Steam
","December 6
 1969",,,2,,
"""Leaving on a Jet Plane""
","Peter, Paul and Mary
","December 20
 1969",,,1,,
"""Someday We'll Be Together""
","Diana Ross & the Supremes
","December 27
 1969",,,1,,
"""Raindrops Keep Fallin' on My Head""
","B. J. Thomas
","January 3
 1970",,,4,,
"""I Want You Back""
","The Jackson 5
","January 31
 1970",,,1,,
"""Venus""
","Shocking Blue
","February 7
 1970",,,1,,
"""Thank You (Falettinme Be Mice Elf Agin)"" / ""Everybody Is a Star""
","Sly & the Family Stone
","February 14
 1970",,,2,,
"""Bridge over Troubled Water""
","Simon & Garfunkel
","February 28
 1970",,,6,,
"""Let It Be""
","The Beatles
","April 11
 1970",,,2,,
"""ABC""
","The Jackson 5
","April 25
 1970",,,2,,
"""American Woman"" / ""No Sugar Tonight""
","The Guess Who
","May 9
 1970",,,3,,
"""Everything Is Beautiful""
","Ray Stevens
","May 30
 1970",,,2,,
"""The Long and Winding Road"" / ""For You Blue""
","The Beatles
","June 13
 1970",,,2,,
"""The Love You Save""
","The Jackson 5
","June 27
 1970",,,2,,
"""Mama Told Me (Not to Come)""
","Three Dog Night
","July 11
 1970",,,2,,
"""(They Long to Be) Close to You""
","The Carpenters
","July 25
 1970",,,4,,
"""Make It with You""
","Bread
","August 22
 1970",,,1,,
"""War""
","Edwin Starr
","August 29
 1970",,,3,,
"""Ain't No Mountain High Enough""
","Diana Ross
","September 19
 1970",,,3,,
"""Cracklin' Rosie""
","Neil Diamond
","October 10
 1970",,,1,,
"""I'll Be There""
","The Jackson 5
","October 17
 1970",,,5,,
"""I Think I Love You""
","The Partridge Family
","November 21
 1970",,,3,,
"""The Tears of a Clown""
","Smokey Robinson & the Miracles
","December 12
 1970",,,2,,
"""My Sweet Lord"" / ""Isn't It a Pity""
","George Harrison
","December 26
 1970",,,4,,
"""Knock Three Times""
","Dawn
","January 23
 1971",,,3,,
"""One Bad Apple""
","The Osmonds
","February 13
 1971",,,5,,
"""Me and Bobby McGee""
","Janis Joplin
","March 20
 1971",,,2,,
"""Just My Imagination (Running Away with Me)""
","The Temptations
","April 3
 1971",,,2,,
"""Joy to the World""
","Three Dog Night
","April 17
 1971",,,6,,
"""Brown Sugar""
","The Rolling Stones
","May 29
 1971",,,2,,
"""Want Ads""
","Honey Cone
","June 12
 1971",,,1,,
"""It's Too Late"" / ""I Feel the Earth Move""
","Carole King
","June 19
 1971",,,5,,
"""Indian Reservation (The Lament of the Cherokee Reservation Indian)""
","The Raiders
","July 24
 1971",,,1,,
"""You've Got a Friend""
","James Taylor
","July 31
 1971",,,1,,
"""How Can You Mend a Broken Heart""
","Bee Gees
","August 7
 1971",,,4,,
"""Uncle Albert/Admiral Halsey""
","Paul & Linda McCartney
","September 4
 1971",,,1,,
"""Go Away Little Girl""
","Donny Osmond
","September 11
 1971",,,3,,
"""Maggie May"" / ""Reason to Believe""
","Rod Stewart
","October 2
 1971",,,5,,
"""Gypsys, Tramps & Thieves""
","Cher
","November 6
 1971",,,2,,
"""Theme from Shaft""
","Isaac Hayes
","November 20
 1971",,,2,,
"""Family Affair""
","Sly and the Family Stone
","December 4
 1971",,,3,,
"""Brand New Key""
","Melanie
","December 25
 1971",,,3,,
"""American Pie""
","Don McLean
","January 15
 1972",,,4,,
"""Let's Stay Together""
","Al Green
","February 12
 1972",,,1,,
"""Without You""
","Nilsson
","February 19
 1972",,,4,,
"""Heart of Gold""
","Neil Young
","March 18
 1972",,,1,,
"""A Horse with No Name""
","America
","March 25
 1972",,,3,,
"""The First Time Ever I Saw Your Face""
","Roberta Flack
","April 15
 1972",,,6,,
"""Oh Girl""
","The Chi-Lites
","May 27
 1972",,,1,,
"""I'll Take You There""
","The Staple Singers
","June 3
 1972",,,1,,
"""The Candy Man""
","Sammy Davis Jr.
","June 10
 1972",,,3,,
"""Song Sung Blue""
","Neil Diamond
","July 1
 1972",,,1,,
"""Lean on Me""
","Bill Withers
","July 8
 1972",,,3,,
"""Alone Again (Naturally)""
","Gilbert O'Sullivan
","July 29
 1972","September 2
 1972",,4,2,
"""Brandy (You're a Fine Girl)""
","Looking Glass
","August 26
 1972",,,1,,
"""Black and White""
","Three Dog Night
","September 16
 1972",,,1,,
"""Baby, Don't Get Hooked on Me""
","Mac Davis
","September 23
 1972",,,3,,
"""Ben""
","Michael Jackson
","October 14
 1972",,,1,,
"""My Ding-a-Ling""
","Chuck Berry
","October 21
 1972",,,2,,
"""I Can See Clearly Now""
","Johnny Nash
","November 4
 1972",,,4,,
"""Papa Was a Rollin' Stone""
","The Temptations
","December 2
 1972",,,1,,
"""I Am Woman""
","Helen Reddy
","December 9
 1972",,,1,,
"""Me and Mrs. Jones""
","Billy Paul
","December 16
 1972",,,3,,
"""You're So Vain""
","Carly Simon
","January 6
 1973",,,3,,
"""Superstition""
","Stevie Wonder
","January 27
 1973",,,1,,
"""Crocodile Rock""
","Elton John
","February 3
 1973",,,3,,
"""Killing Me Softly with His Song""
","Roberta Flack
","February 24
 1973","March 31
 1973",,4,1,
"""Love Train""
","The O'Jays
","March 24
 1973",,,1,,
"""The Night the Lights Went Out in Georgia""
","Vicki Lawrence
","April 7
 1973",,,2,,
"""Tie a Yellow Ribbon Round the Ole Oak Tree""
","Dawn featuring Tony Orlando
","April 21
 1973",,,4,,
"""You Are the Sunshine of My Life""
","Stevie Wonder
","May 19
 1973",,,1,,
"""Frankenstein""
","The Edgar Winter Group
","May 26
 1973",,,1,,
"""My Love""
","Paul McCartney & Wings
","June 2
 1973",,,4,,
"""Give Me Love (Give Me Peace on Earth)""
","George Harrison
","June 30
 1973",,,1,,
"""Will It Go Round in Circles""
","Billy Preston
","July 7
 1973",,,2,,
"""Bad, Bad Leroy Brown""
","Jim Croce
","July 21
 1973",,,2,,
"""The Morning After""
","Maureen McGovern
","August 4
 1973",,,2,,
"""Touch Me in the Morning""
","Diana Ross
","August 18
 1973",,,1,,
"""Brother Louie""
","Stories
","August 25
 1973",,,2,,
"""Let's Get It On""
","Marvin Gaye
","September 8
 1973","September 22
 1973",,1,1,
"""Delta Dawn""
","Helen Reddy
","September 15
 1973",,,1,,
"""We're an American Band""
","Grand Funk
","September 29
 1973",,,1,,
"""Half-Breed""
","Cher
","October 6
 1973",,,2,,
"""Angie""
","The Rolling Stones
","October 20
 1973",,,1,,
"""Midnight Train to Georgia""
","Gladys Knight & the Pips
","October 27
 1973",,,2,,
"""Keep on Truckin' (Part 1)""
","Eddie Kendricks
","November 10
 1973",,,2,,
"""Photograph""
","Ringo Starr
","November 24
 1973",,,1,,
"""Top of the World""
","The Carpenters
","December 1
 1973",,,2,,
"""The Most Beautiful Girl""
","Charlie Rich
","December 15
 1973",,,2,,
"""Time in a Bottle""
","Jim Croce
","December 29
 1973",,,2,,
"""The Joker""
","Steve Miller Band
","January 12
 1974",,,1,,
"""Show and Tell""
","Al Wilson
","January 19
 1974",,,1,,
"""You're Sixteen""
","Ringo Starr
","January 26
 1974",,,1,,
"""The Way We Were""
","Barbra Streisand
","February 2
 1974","February 16
 1974",,1,2,
"""Love's Theme""
","Love Unlimited Orchestra
","February 9
 1974",,,1,,
"""Seasons in the Sun""
","Terry Jacks
","March 2
 1974",,,3,,
"""Dark Lady""
","Cher
","March 23
 1974",,,1,,
"""Sunshine on My Shoulders""
","John Denver
","March 30
 1974",,,1,,
"""Hooked on a Feeling""
","Blue Swede
","April 6
 1974",,,1,,
"""Bennie and the Jets""
","Elton John
","April 13
 1974",,,1,,
"""TSOP (The Sound of Philadelphia)""
","MFSB and The Three Degrees
","April 20
 1974",,,2,,
"""The Loco-Motion""
","Grand Funk
","May 4
 1974",,,2,,
"""The Streak""
","Ray Stevens
","May 18
 1974",,,3,,
"""Band on the Run""
","Paul McCartney & Wings
","June 8
 1974",,,1,,
"""Billy Don't Be a Hero""
","Bo Donaldson and The Heywoods
","June 15
 1974",,,2,,
"""Sundown""
","Gordon Lightfoot
","June 29
 1974",,,1,,
"""Rock the Boat""
","The Hues Corporation
","July 6
 1974",,,1,,
"""Rock Your Baby""
","George McCrae
","July 13
 1974",,,2,,
"""Annie's Song""
","John Denver
","July 27
 1974",,,2,,
"""Feel Like Makin' Love""
","Roberta Flack
","August 10
 1974",,,1,,
"""The Night Chicago Died""
","Paper Lace
","August 17
 1974",,,1,,
"""(You're) Having My Baby""
","Paul Anka and Odia Coates
","August 24
 1974",,,3,,
"""I Shot the Sheriff""
","Eric Clapton
","September 14
 1974",,,1,,
"""Can't Get Enough of Your Love, Babe""
","Barry White
","September 21
 1974",,,1,,
"""Rock Me Gently""
","Andy Kim
","September 28
 1974",,,1,,
"""I Honestly Love You""
","Olivia Newton-John
","October 5
 1974",,,2,,
"""Nothing From Nothing""
","Billy Preston
","October 19
 1974",,,1,,
"""Then Came You""
","Dionne Warwick and The Spinners
","October 26
 1974",,,1,,
"""You Haven't Done Nothin'""
","Stevie Wonder
","November 2
 1974",,,1,,
"""You Ain't Seen Nothin' Yet""
","Bachman-Turner Overdrive
","November 9
 1974",,,1,,
"""Whatever Gets You thru the Night""
","John Lennon
","November 16
 1974",,,1,,
"""I Can Help""
","Billy Swan
","November 23
 1974",,,2,,
"""Kung Fu Fighting""
","Carl Douglas
","December 7
 1974",,,2,,
"""Cat's in the Cradle""
","Harry Chapin
","December 21
 1974",,,1,,
"""Angie Baby""
","Helen Reddy
","December 28
 1974",,,1,,
"""Lucy in the Sky with Diamonds""
","Elton John
","January 4
 1975",,,2,,
"""Mandy""
","Barry Manilow
","January 18
 1975",,,1,,
"""Please Mr. Postman""
","The Carpenters
","January 25
 1975",,,1,,
"""Laughter in the Rain""
","Neil Sedaka
","February 1
 1975",,,1,,
"""Fire""
","Ohio Players
","February 8
 1975",,,1,,
"""You're No Good""
","Linda Ronstadt
","February 15
 1975",,,1,,
"""Pick Up the Pieces""
","Average White Band
","February 22
 1975",,,1,,
"""Best of My Love""
","Eagles
","March 1
 1975",,,1,,
"""Have You Never Been Mellow""
","Olivia Newton-John
","March 8
 1975",,,1,,
"""Black Water""
","The Doobie Brothers
","March 15
 1975",,,1,,
"""My Eyes Adored You""
","Frankie Valli
","March 22
 1975",,,1,,
"""Lady Marmalade""
","LaBelle
","March 29
 1975",,,1,,
"""Lovin' You""
","Minnie Riperton
","April 5
 1975",,,1,,
"""Philadelphia Freedom""
","Elton John Band
","April 12
 1975",,,2,,
"""(Hey Won't You Play) Another Somebody Done Somebody Wrong Song""
","B. J. Thomas
","April 26
 1975",,,1,,
"""He Don't Love You (Like I Love You)""
","Tony Orlando and Dawn
","May 3
 1975",,,3,,
"""Shining Star""
","Earth, Wind & Fire
","May 24
 1975",,,1,,
"""Before the Next Teardrop Falls""
","Freddy Fender
","May 31
 1975",,,1,,
"""Thank God I'm a Country Boy""
","John Denver
","June 7
 1975",,,1,,
"""Sister Golden Hair""
","America
","June 14
 1975",,,1,,
"""Love Will Keep Us Together""
","Captain & Tennille
","June 21
 1975",,,4,,
"""Listen to What the Man Said""
","Wings
","July 19
 1975",,,1,,
"""The Hustle""
","Van McCoy and the Soul City Symphony
","July 26
 1975",,,1,,
"""One of These Nights""
","Eagles
","August 2
 1975",,,1,,
"""Jive Talkin'""
","Bee Gees
","August 9
 1975",,,2,,
"""Fallin' in Love""
","Hamilton, Joe Frank & Reynolds
","August 23
 1975",,,1,,
"""Get Down Tonight""
","KC and the Sunshine Band
","August 30
 1975",,,1,,
"""Rhinestone Cowboy""
","Glen Campbell
","September 6
 1975",,,2,,
"""Fame""
","David Bowie
","September 20
 1975","October 4
 1975",,1,1,
"""I'm Sorry""
","John Denver
","September 27
 1975",,,1,,
"""Bad Blood""
","Neil Sedaka
","October 11
 1975",,,3,,
"""Island Girl""
","Elton John
","November 1
 1975",,,3,,
"""That's the Way (I Like It)""
","KC and the Sunshine Band
","November 22
 1975","December 20
 1975",,1,1,
"""Fly, Robin, Fly""
","Silver Convention
","November 29
 1975",,,3,,
"""Let's Do It Again""
","The Staple Singers
","December 27
 1975",,,1,,
"""Saturday Night""
","Bay City Rollers
","January 3
 1976",,,1,,
"""Convoy""
","C.W. McCall
","January 10
 1976",,,1,,
"""I Write the Songs""
","Barry Manilow
","January 17
 1976",,,1,,
"""Theme from Mahogany (Do You Know Where You're Going To)""
","Diana Ross
","January 24
 1976",,,1,,
"""Love Rollercoaster""
","Ohio Players
","January 31
 1976",,,1,,
"""50 Ways to Leave Your Lover""
","Paul Simon
","February 7
 1976",,,3,,
"""Theme from S.W.A.T.""
","Rhythm Heritage
","February 28
 1976",,,1,,
"""Love Machine (Part 1)""
","The Miracles
","March 6
 1976",,,1,,
"""December, 1963 (Oh, What a Night)""
","The Four Seasons
","March 13
 1976",,,3,,
"""Disco Lady""
","Johnnie Taylor
","April 3
 1976",,,4,,
"""Let Your Love Flow""
","The Bellamy Brothers
","May 1
 1976",,,1,,
"""Welcome Back""
","John Sebastian
","May 8
 1976",,,1,,
"""Boogie Fever""
","The Sylvers
","May 15
 1976",,,1,,
"""Silly Love Songs""
","Wings
","May 22
 1976","June 12
 1976",,1,4,
"""Love Hangover""
","Diana Ross
","May 29
 1976",,,2,,
"""Afternoon Delight""
","Starland Vocal Band
","July 10
 1976",,,2,,
"""Kiss and Say Goodbye""
","The Manhattans
","July 24
 1976",,,2,,
"""Don't Go Breaking My Heart""
","Elton John and Kiki Dee
","August 7
 1976",,,4,,
"""You Should Be Dancing""
","Bee Gees
","September 4
 1976",,,1,,
"""(Shake, Shake, Shake) Shake Your Booty""
","KC and the Sunshine Band
","September 11
 1976",,,1,,
"""Play That Funky Music""
","Wild Cherry
","September 18
 1976",,,3,,
"""A Fifth of Beethoven""
","Walter Murphy and the Big Apple Band
","October 9
 1976",,,1,,
"""Disco Duck (Part 1)""
","Rick Dees and His Cast of Idiots
","October 16
 1976",,,1,,
"""If You Leave Me Now""
","Chicago
","October 23
 1976",,,2,,
"""Rock'n Me""
","Steve Miller Band
","November 6
 1976",,,1,,
"""Tonight's the Night (Gonna Be Alright)""
","Rod Stewart
","November 13
 1976","January 1
 1977",,7,1,
"""You Don't Have to Be a Star (To Be in My Show)""
","Marilyn McCoo and Billy Davis, Jr.
","January 8
 1977",,,1,,
"""You Make Me Feel Like Dancing""
","Leo Sayer
","January 15
 1977",,,1,,
"""I Wish""
","Stevie Wonder
","January 22
 1977",,,1,,
"""Car Wash""
","Rose Royce
","January 29
 1977",,,1,,
"""Torn Between Two Lovers""
","Mary MacGregor
","February 5
 1977",,,2,,
"""Blinded by the Light""
","Manfred Mann's Earth Band
","February 19
 1977",,,1,,
"""New Kid in Town""
","Eagles
","February 26
 1977",,,1,,
"""Evergreen (Love Theme from A Star Is Born)""
","Barbra Streisand
","March 5
 1977",,,3,,
"""Rich Girl""
","Daryl Hall and John Oates
","March 26
 1977",,,2,,
"""Dancing Queen""
","ABBA
","April 9
 1977",,,1,,
"""Don't Give Up on Us""
","David Soul
","April 16
 1977",,,1,,
"""Don't Leave Me This Way""
","Thelma Houston
","April 23
 1977",,,1,,
"""Southern Nights""
","Glen Campbell
","April 30
 1977",,,1,,
"""Hotel California""
","Eagles
","May 7
 1977",,,1,,
"""When I Need You""
","Leo Sayer
","May 14
 1977",,,1,,
"""Sir Duke""
","Stevie Wonder
","May 21
 1977",,,3,,
"""I'm Your Boogie Man""
","KC and the Sunshine Band
","June 11
 1977",,,1,,
"""Dreams""
","Fleetwood Mac
","June 18
 1977",,,1,,
"""Got to Give It Up (Part 1)""
","Marvin Gaye
","June 25
 1977",,,1,,
"""Gonna Fly Now (Theme From Rocky)""
","Bill Conti
","July 2
 1977",,,1,,
"""Undercover Angel""
","Alan O'Day
","July 9
 1977",,,1,,
"""Da Doo Ron Ron""
","Shaun Cassidy
","July 16
 1977",,,1,,
"""Looks Like We Made It""
","Barry Manilow
","July 23
 1977",,,1,,
"""I Just Want to Be Your Everything""
","Andy Gibb
","July 30
 1977","September 17
 1977",,3,1,
"""Best of My Love""
","The Emotions
","August 20
 1977","September 24
 1977",,4,1,
"""Star Wars Theme/Cantina Band""
","Meco
","October 1
 1977",,,2,,
"""You Light Up My Life""
","Debby Boone
","October 15
 1977",,,10,,
"""How Deep Is Your Love""
","Bee Gees
","December 24
 1977",,,3,,
"""Baby Come Back""
","Player
","January 14
 1978",,,3,,
"""Stayin' Alive""
","Bee Gees
","February 4
 1978",,,4,,
"""(Love Is) Thicker Than Water""
","Andy Gibb
","March 4
 1978",,,2,,
"""Night Fever""
","Bee Gees
","March 18
 1978",,,8,,
"""If I Can't Have You""
","Yvonne Elliman
","May 13
 1978",,,1,,
"""With a Little Luck""
","Wings
","May 20
 1978",,,2,,
"""Too Much, Too Little, Too Late""
","Johnny Mathis and Deniece Williams
","June 3
 1978",,,1,,
"""You're the One That I Want""
","John Travolta and Olivia Newton-John
","June 10
 1978",,,1,,
"""Shadow Dancing""
","Andy Gibb
","June 17
 1978",,,7,,
"""Miss You""
","The Rolling Stones
","August 5
 1978",,,1,,
"""Three Times a Lady""
","Commodores
","August 12
 1978",,,2,,
"""Grease""
","Frankie Valli
","August 26
 1978",,,2,,
"""Boogie Oogie Oogie""
","A Taste of Honey
","September 9
 1978",,,3,,
"""Kiss You All Over""
","Exile
","September 30
 1978",,,4,,
"""Hot Child in the City""
","Nick Gilder
","October 28
 1978",,,1,,
"""You Needed Me""
","Anne Murray
","November 4
 1978",,,1,,
"""MacArthur Park""
","Donna Summer
","November 11
 1978",,,3,,
"""You Don't Bring Me Flowers""
","Barbra Streisand and Neil Diamond
","December 2
 1978","December 16
 1978",,1,1,
"""Le Freak""
","Chic
","December 9
 1978","December 23
 1978","January 20
 1979",1,2,3
"""Too Much Heaven""
","Bee Gees
","January 6
 1979",,,2,,
"""Da Ya Think I'm Sexy?""
","Rod Stewart
","February 10
 1979",,,4,,
"""I Will Survive""
","Gloria Gaynor
","March 10
 1979","April 7
 1979",,2,1,
"""Tragedy""
","Bee Gees
","March 24
 1979",,,2,,
"""What a Fool Believes""
","The Doobie Brothers
","April 14
 1979",,,1,,
"""Knock on Wood""
","Amii Stewart
","April 21
 1979",,,1,,
"""Heart of Glass""
","Blondie
","April 28
 1979",,,1,,
"""Reunited""
","Peaches & Herb
","May 5
 1979",,,4,,
"""Hot Stuff""
","Donna Summer
","June 2
 1979","June 16
 1979",,1,2,
"""Love You Inside Out""
","Bee Gees
","June 9
 1979",,,1,,
"""Ring My Bell""
","Anita Ward
","June 30
 1979",,,2,,
"""Bad Girls""
","Donna Summer
","July 14
 1979",,,5,,
"""Good Times""
","Chic
","August 18
 1979",,,1,,
"""My Sharona""
","The Knack
","August 25
 1979",,,6,,
"""Sad Eyes""
","Robert John
","October 6
 1979",,,1,,
"""Don't Stop 'Til You Get Enough""
","Michael Jackson
","October 13
 1979",,,1,,
"""Rise""
","Herb Alpert
","October 20
 1979",,,2,,
"""Pop Muzik""
","M
","November 3
 1979",,,1,,
"""Heartache Tonight""
","Eagles
","November 10
 1979",,,1,,
"""Still""
","Commodores
","November 17
 1979",,,1,,
"""No More Tears (Enough Is Enough)""
","Barbra Streisand and Donna Summer
","November 24
 1979",,,2,,
"""Babe""
","Styx
","December 8
 1979",,,2,,
"""Escape (The Piña Colada Song)""
","Rupert Holmes
","December 22
 1979","January 12
 1980",,2,1,
"""Please Don't Go""
","KC and the Sunshine Band
","January 5
 1980",,,1,,
"""Rock with You""
","Michael Jackson
","January 19
 1980",,,4,,
"""Do That to Me One More Time""
","Captain & Tennille
","February 16
 1980",,,1,,
"""Crazy Little Thing Called Love""
","Queen
","February 23
 1980",,,4,,
"""Another Brick in the Wall, Part II""
","Pink Floyd
","March 22
 1980",,,4,,
"""Call Me""[16]
","Blondie
","April 19
 1980",,,6,,
"""Funkytown""
","Lipps Inc.
","May 31
 1980",,,4,,
"""Coming Up""
","Paul McCartney
","June 28
 1980",,,3,,
"""It's Still Rock and Roll to Me""
","Billy Joel
","July 19
 1980",,,2,,
"""Magic""
","Olivia Newton-John
","August 2
 1980",,,4,,
"""Sailing""
","Christopher Cross
","August 30
 1980",,,1,,
"""Upside Down""
","Diana Ross
","September 6
 1980",,,4,,
"""Another One Bites the Dust""
","Queen
","October 4
 1980",,,3,,
"""Woman in Love""
","Barbra Streisand
","October 25
 1980",,,3,,
"""Lady""
","Kenny Rogers
","November 15
 1980",,,6,,
"""(Just Like) Starting Over""
","John Lennon
","December 27
 1980",,,5,,
"""The Tide Is High""
","Blondie
","January 31
 1981",,,1,,
"""Celebration""
","Kool & the Gang
","February 7
 1981",,,2,,
"""9 to 5""
","Dolly Parton
","February 21
 1981","March 14
 1981",,1,1,
"""I Love a Rainy Night""
","Eddie Rabbitt
","February 28
 1981",,,2,,
"""Keep On Loving You""
","REO Speedwagon
","March 21
 1981",,,1,,
"""Rapture""
","Blondie
","March 28
 1981",,,2,,
"""Kiss on My List""
","Daryl Hall and John Oates
","April 11
 1981",,,3,,
"""Morning Train (Nine to Five)""
","Sheena Easton
","May 2
 1981",,,2,,
"""Bette Davis Eyes""
","Kim Carnes
","May 16
 1981","June 27
 1981",,5,4,
"""Stars on 45 Medley""
","Stars on 45
","June 20
 1981",,,1,,
"""The One That You Love""
","Air Supply
","July 25
 1981",,,1,,
"""Jessie's Girl""
","Rick Springfield
","August 1
 1981",,,2,,
"""Endless Love""
","Diana Ross and Lionel Richie
","August 15
 1981",,,9,,
"""Arthur's Theme (Best That You Can Do)""
","Christopher Cross
","October 17
 1981",,,3,,
"""Private Eyes""
","Daryl Hall and John Oates
","November 7
 1981",,,2,,
"""Physical""
","Olivia Newton-John
","November 21
 1981","January 2
 1982",,6,4,
"""I Can't Go for That (No Can Do)""
","Daryl Hall and John Oates
","January 30
 1982",,,1,,
"""Centerfold""
","The J. Geils Band
","February 6
 1982",,,6,,
"""I Love Rock 'n' Roll""
","Joan Jett and the Blackhearts
","March 20
 1982",,,7,,
"""Chariots of Fire""
","Vangelis
","May 8
 1982",,,1,,
"""Ebony and Ivory""
","Paul McCartney and Stevie Wonder
","May 15
 1982",,,7,,
"""Don't You Want Me""
","The Human League
","July 3
 1982",,,3,,
"""Eye of the Tiger""
","Survivor
","July 24
 1982",,,6,,
"""Abracadabra""
","Steve Miller Band
","September 4
 1982","September 25
 1982",,1,1,
"""Hard to Say I'm Sorry""
","Chicago
","September 11
 1982",,,2,,
"""Jack & Diane""
","John Cougar
","October 2
 1982",,,4,,
"""Who Can It Be Now?""
","Men at Work
","October 30
 1982",,,1,,
"""Up Where We Belong""
","Joe Cocker and Jennifer Warnes
","November 6
 1982",,,3,,
"""Truly""
","Lionel Richie
","November 27
 1982",,,2,,
"""Mickey""
","Toni Basil
","December 11
 1982",,,1,,
"""Maneater""
","Daryl Hall and John Oates
","December 18
 1982",,,4,,
"""Down Under""
","Men at Work
","January 15
 1983","February 12
 1983",,3,1,
"""Africa""
","Toto
","February 5
 1983",,,1,,
"""Baby, Come to Me""
","Patti Austin and James Ingram
","February 19
 1983",,,2,,
"""Billie Jean""
","Michael Jackson
","March 5
 1983",,,7,,
"""Come On Eileen""
","Dexys Midnight Runners
","April 23
 1983",,,1,,
"""Beat It""
","Michael Jackson
","April 30
 1983",,,3,,
"""Let's Dance""
","David Bowie
","May 21
 1983",,,1,,
"""Flashdance... What a Feeling""
","Irene Cara
","May 28
 1983",,,6,,
"""Every Breath You Take""
","The Police
","July 9
 1983",,,8,,
"""Sweet Dreams (Are Made of This)""
","Eurythmics
","September 3
 1983",,,1,,
"""Maniac""
","Michael Sembello
","September 10
 1983",,,2,,
"""Tell Her About It""
","Billy Joel
","September 24
 1983",,,1,,
"""Total Eclipse of the Heart""
","Bonnie Tyler
","October 1
 1983",,,4,,
"""Islands in the Stream""
","Kenny Rogers and Dolly Parton
","October 29
 1983",,,2,,
"""All Night Long (All Night)""
","Lionel Richie
","November 12
 1983",,,4,,
"""Say Say Say""
","Paul McCartney and Michael Jackson
","December 10
 1983",,,6,,
"""Owner of a Lonely Heart""
","Yes
","January 21
 1984",,,2,,
"""Karma Chameleon""
","Culture Club
","February 4
 1984",,,3,,
"""Jump""
","Van Halen
","February 25
 1984",,,5,,
"""Footloose""
","Kenny Loggins
","March 31
 1984",,,3,,
"""Against All Odds (Take a Look at Me Now)""
","Phil Collins
","April 21
 1984",,,3,,
"""Hello""
","Lionel Richie
","May 12
 1984",,,2,,
"""Let's Hear It for the Boy""
","Deniece Williams
","May 26
 1984",,,2,,
"""Time After Time""
","Cyndi Lauper
","June 9
 1984",,,2,,
"""The Reflex""
","Duran Duran
","June 23
 1984",,,2,,
"""When Doves Cry""
","Prince
","July 7
 1984",,,5,,
"""Ghostbusters""
","Ray Parker, Jr.
","August 11
 1984",,,3,,
"""What's Love Got to Do with It""
","Tina Turner
","September 1
 1984",,,3,,
"""Missing You""
","John Waite
","September 22
 1984",,,1,,
"""Let's Go Crazy""
","Prince and the Revolution
","September 29
 1984",,,2,,
"""I Just Called to Say I Love You""
","Stevie Wonder
","October 13
 1984",,,3,,
"""Caribbean Queen (No More Love on the Run)""
","Billy Ocean
","November 3
 1984",,,2,,
"""Wake Me Up Before You Go-Go""
","Wham!
","November 17
 1984",,,3,,
"""Out of Touch""
","Daryl Hall and John Oates
","December 8
 1984",,,2,,
"""Like a Virgin""
","Madonna
","December 22
 1984",,,6,,
"""I Want to Know What Love Is""
","Foreigner
","February 2
 1985",,,2,,
"""Careless Whisper""
","Wham! featuring George Michael
","February 16
 1985",,,3,,
"""Can't Fight This Feeling""
","REO Speedwagon
","March 9
 1985",,,3,,
"""One More Night""
","Phil Collins
","March 30
 1985",,,2,,
"""We Are the World""
","USA for Africa
","April 13
 1985",,,4,,
"""Crazy for You""
","Madonna
","May 11
 1985",,,1,,
"""Don't You (Forget About Me)""
","Simple Minds
","May 18
 1985",,,1,,
"""Everything She Wants""
","Wham!
","May 25
 1985",,,2,,
"""Everybody Wants to Rule the World""
","Tears for Fears
","June 8
 1985",,,2,,
"""Heaven""
","Bryan Adams
","June 22
 1985",,,2,,
"""Sussudio""
","Phil Collins
","July 6
 1985",,,1,,
"""A View to a Kill""
","Duran Duran
","July 13
 1985",,,2,,
"""Everytime You Go Away""
","Paul Young
","July 27
 1985",,,1,,
"""Shout""
","Tears for Fears
","August 3
 1985",,,3,,
"""The Power of Love""
","Huey Lewis and the News
","August 24
 1985",,,2,,
"""St. Elmo's Fire (Man in Motion)""
","John Parr
","September 7
 1985",,,2,,
"""Money for Nothing""
","Dire Straits
","September 21
 1985",,,3,,
"""Oh Sheila""
","Ready for the World
","October 12
 1985",,,1,,
"""Take On Me""
","a-ha
","October 19
 1985",,,1,,
"""Saving All My Love for You""
","Whitney Houston
","October 26
 1985",,,1,,
"""Part-Time Lover""
","Stevie Wonder
","November 2
 1985",,,1,,
"""Miami Vice Theme""
","Jan Hammer
","November 9
 1985",,,1,,
"""We Built This City""
","Starship
","November 16
 1985",,,2,,
"""Separate Lives""
","Phil Collins and Marilyn Martin
","November 30
 1985",,,1,,
"""Broken Wings""
","Mr. Mister
","December 7
 1985",,,2,,
"""Say You, Say Me""
","Lionel Richie
","December 21
 1985",,,4,,
"""That's What Friends Are For""
","Dionne and Friends
","January 18
 1986",,,4,,
"""How Will I Know""
","Whitney Houston
","February 15
 1986",,,2,,
"""Kyrie""
","Mr. Mister
","March 1
 1986",,,2,,
"""Sara""
","Starship
","March 15
 1986",,,1,,
"""These Dreams""
","Heart
","March 22
 1986",,,1,,
"""Rock Me Amadeus""
","Falco
","March 29
 1986",,,3,,
"""Kiss""
","Prince and the Revolution
","April 19
 1986",,,2,,
"""Addicted to Love""
","Robert Palmer
","May 3
 1986",,,1,,
"""West End Girls""
","Pet Shop Boys
","May 10
 1986",,,1,,
"""Greatest Love of All""
","Whitney Houston
","May 17
 1986",,,3,,
"""Live to Tell""
","Madonna
","June 7
 1986",,,1,,
"""On My Own""
","Patti LaBelle and Michael McDonald
","June 14
 1986",,,3,,
"""There'll Be Sad Songs (To Make You Cry)""
","Billy Ocean
","July 5
 1986",,,1,,
"""Holding Back the Years""
","Simply Red
","July 12
 1986",,,1,,
"""Invisible Touch""
","Genesis
","July 19
 1986",,,1,,
"""Sledgehammer""
","Peter Gabriel
","July 26
 1986",,,1,,
"""Glory of Love""
","Peter Cetera
","August 2
 1986",,,2,,
"""Papa Don't Preach""
","Madonna
","August 16
 1986",,,2,,
"""Higher Love""
","Steve Winwood
","August 30
 1986",,,1,,
"""Venus""
","Bananarama
","September 6
 1986",,,1,,
"""Take My Breath Away""
","Berlin
","September 13
 1986",,,1,,
"""Stuck with You""
","Huey Lewis and the News
","September 20
 1986",,,3,,
"""When I Think of You""
","Janet Jackson
","October 11
 1986",,,2,,
"""True Colors""
","Cyndi Lauper
","October 25
 1986",,,2,,
"""Amanda""
","Boston
","November 8
 1986",,,2,,
"""Human""
","The Human League
","November 22
 1986",,,1,,
"""You Give Love a Bad Name""
","Bon Jovi
","November 29
 1986",,,1,,
"""The Next Time I Fall""
","Peter Cetera and Amy Grant
","December 6
 1986",,,1,,
"""The Way It Is""
","Bruce Hornsby & the Range
","December 13
 1986",,,1,,
"""Walk Like an Egyptian""
","The Bangles
","December 20
 1986",,,4,,
"""Shake You Down""
","Gregory Abbott
","January 17
 1987",,,1,,
"""At This Moment""
","Billy Vera and the Beaters
","January 24
 1987",,,2,,
"""Open Your Heart""
","Madonna
","February 7
 1987",,,1,,
"""Livin' on a Prayer""
","Bon Jovi
","February 14
 1987",,,4,,
"""Jacob's Ladder""
","Huey Lewis and the News
","March 14
 1987",,,1,,
"""Lean on Me""
","Club Nouveau
","March 21
 1987",,,2,,
"""Nothing's Gonna Stop Us Now""
","Starship
","April 4
 1987",,,2,,
"""I Knew You Were Waiting (For Me)""
","Aretha Franklin and George Michael
","April 18
 1987",,,2,,
"""(I Just) Died in Your Arms""
","Cutting Crew
","May 2
 1987",,,2,,
"""With or Without You""
","U2
","May 16
 1987",,,3,,
"""You Keep Me Hangin' On""
","Kim Wilde
","June 6
 1987",,,1,,
"""Always""
","Atlantic Starr
","June 13
 1987",,,1,,
"""Head to Toe""
","Lisa Lisa and Cult Jam
","June 20
 1987",,,1,,
"""I Wanna Dance with Somebody (Who Loves Me)""
","Whitney Houston
","June 27
 1987",,,2,,
"""Alone""
","Heart
","July 11
 1987",,,3,,
"""Shakedown""
","Bob Seger
","August 1
 1987",,,1,,
"""I Still Haven't Found What I'm Looking For""
","U2
","August 8
 1987",,,2,,
"""Who's That Girl""
","Madonna
","August 22
 1987",,,1,,
"""La Bamba""
","Los Lobos
","August 29
 1987",,,3,,
"""I Just Can't Stop Loving You""
","Michael Jackson with Siedah Garrett
","September 19
 1987",,,1,,
"""Didn't We Almost Have It All""
","Whitney Houston
","September 26
 1987",,,2,,
"""Here I Go Again""
","Whitesnake
","October 10
 1987",,,1,,
"""Lost in Emotion""
","Lisa Lisa and Cult Jam
","October 17
 1987",,,1,,
"""Bad""
","Michael Jackson
","October 24
 1987",,,2,,
"""I Think We're Alone Now""
","Tiffany
","November 7
 1987",,,2,,
"""Mony Mony""
","Billy Idol
","November 21
 1987",,,1,,
"""(I've Had) The Time of My Life""
","Bill Medley and Jennifer Warnes
","November 28
 1987",,,1,,
"""Heaven Is a Place on Earth""
","Belinda Carlisle
","December 5
 1987",,,1,,
"""Faith""
","George Michael
","December 12
 1987",,,4,,
"""So Emotional""
","Whitney Houston
","January 9
 1988",,,1,,
"""Got My Mind Set on You""
","George Harrison
","January 16
 1988",,,1,,
"""The Way You Make Me Feel""
","Michael Jackson
","January 23
 1988",,,1,,
"""Need You Tonight""
","INXS
","January 30
 1988",,,1,,
"""Could've Been""
","Tiffany
","February 6
 1988",,,2,,
"""Seasons Change""
","Exposé
","February 20
 1988",,,1,,
"""Father Figure""
","George Michael
","February 27
 1988",,,2,,
"""Never Gonna Give You Up""
","Rick Astley
","March 12
 1988",,,2,,
"""Man in the Mirror""
","Michael Jackson
","March 26
 1988",,,2,,
"""Get Outta My Dreams, Get into My Car""
","Billy Ocean
","April 9
 1988",,,2,,
"""Where Do Broken Hearts Go""
","Whitney Houston
","April 23
 1988",,,2,,
"""Wishing Well""
","Terence Trent D'Arby
","May 7
 1988",,,1,,
"""Anything for You""
","Gloria Estefan and Miami Sound Machine
","May 14
 1988",,,2,,
"""One More Try""
","George Michael
","May 28
 1988",,,3,,
"""Together Forever""
","Rick Astley
","June 18
 1988",,,1,,
"""Foolish Beat""
","Debbie Gibson
","June 25
 1988",,,1,,
"""Dirty Diana""
","Michael Jackson
","July 2
 1988",,,1,,
"""The Flame""
","Cheap Trick
","July 9
 1988",,,2,,
"""Hold On to the Nights""
","Richard Marx
","July 23
 1988",,,1,,
"""Roll With It""
","Steve Winwood
","July 30
 1988",,,4,,
"""Monkey""
","George Michael
","August 27
 1988",,,2,,
"""Sweet Child o' Mine""
","Guns N' Roses
","September 10
 1988",,,2,,
"""Don't Worry, Be Happy""
","Bobby McFerrin
","September 24
 1988",,,2,,
"""Love Bites""
","Def Leppard
","October 8
 1988",,,1,,
"""Red Red Wine""
","UB40
","October 15
 1988",,,1,,
"""A Groovy Kind of Love""
","Phil Collins
","October 22
 1988",,,2,,
"""Kokomo""
","The Beach Boys
","November 5
 1988",,,1,,
"""Wild, Wild West""
","The Escape Club
","November 12
 1988",,,1,,
"""Bad Medicine""
","Bon Jovi
","November 19
 1988",,,2,,
"""Baby, I Love Your Way/Freebird Medley""
","Will to Power
","December 3
 1988",,,1,,
"""Look Away""
","Chicago
","December 10
 1988",,,2,,
"""Every Rose Has Its Thorn""
","Poison
","December 24
 1988",,,3,,
"""My Prerogative""
","Bobby Brown
","January 14
 1989",,,1,,
"""Two Hearts""
","Phil Collins
","January 21
 1989",,,2,,
"""When I'm with You""
","Sheriff
","February 4
 1989",,,1,,
"""Straight Up""
","Paula Abdul
","February 11
 1989",,,3,,
"""Lost in Your Eyes""
","Debbie Gibson
","March 4
 1989",,,3,,
"""The Living Years""
","Mike + The Mechanics
","March 25
 1989",,,1,,
"""Eternal Flame""
","The Bangles
","April 1
 1989",,,1,,
"""The Look""
","Roxette
","April 8
 1989",,,1,,
"""She Drives Me Crazy""
","Fine Young Cannibals
","April 15
 1989",,,1,,
"""Like a Prayer""
","Madonna
","April 22
 1989",,,3,,
"""I'll Be There for You""
","Bon Jovi
","May 13
 1989",,,1,,
"""Forever Your Girl""
","Paula Abdul
","May 20
 1989",,,2,,
"""Rock On""
","Michael Damian
","June 3
 1989",,,1,,
"""Wind Beneath My Wings""
","Bette Midler
","June 10
 1989",,,1,,
"""I'll Be Loving You (Forever)""
","New Kids on the Block
","June 17
 1989",,,1,,
"""Satisfied""
","Richard Marx
","June 24
 1989",,,1,,
"""Baby Don't Forget My Number""
","Milli Vanilli
","July 1
 1989",,,1,,
"""Good Thing""
","Fine Young Cannibals
","July 8
 1989",,,1,,
"""If You Don't Know Me By Now""
","Simply Red
","July 15
 1989",,,1,,
"""Toy Soldiers""
","Martika
","July 22
 1989",,,2,,
"""Batdance""
","Prince
","August 5
 1989",,,1,,
"""Right Here Waiting""
","Richard Marx
","August 12
 1989",,,3,,
"""Cold Hearted""
","Paula Abdul
","September 2
 1989",,,1,,
"""Hangin' Tough""
","New Kids On the Block
","September 9
 1989",,,1,,
"""Don't Wanna Lose You""
","Gloria Estefan
","September 16
 1989",,,1,,
"""Girl I'm Gonna Miss You""
","Milli Vanilli
","September 23
 1989",,,2,,
"""Miss You Much""
","Janet Jackson
","October 7
 1989",,,4,,
"""Listen to Your Heart""
","Roxette
","November 4
 1989",,,1,,
"""When I See You Smile""
","Bad English
","November 11
 1989",,,2,,
"""Blame It on the Rain""
","Milli Vanilli
","November 25
 1989",,,2,,
"""We Didn't Start the Fire""
","Billy Joel
","December 9
 1989",,,2,,
"""Another Day in Paradise""
","Phil Collins
","December 23
 1989",,,4,,
"""How Am I Supposed to Live Without You""
","Michael Bolton
","January 20
 1990",,,3,,
"""Opposites Attract""
","Paula Abdul with The Wild Pair
","February 10
 1990",,,3,,
"""Escapade""
","Janet Jackson
","March 3
 1990",,,3,,
"""Black Velvet""
","Alannah Myles
","March 24
 1990",,,2,,
"""Love Will Lead You Back""
","Taylor Dayne
","April 7
 1990",,,1,,
"""I'll Be Your Everything""
","Tommy Page
","April 14
 1990",,,1,,
"""Nothing Compares 2 U""
","Sinéad O'Connor
","April 21
 1990",,,4,,
"""Vogue""
","Madonna
","May 19
 1990",,,3,,
"""Hold On""
","Wilson Phillips
","June 9
 1990",,,1,,
"""It Must Have Been Love""
","Roxette
","June 16
 1990",,,2,,
"""Step by Step""
","New Kids on the Block
","June 30
 1990",,,3,,
"""She Ain't Worth It""
","Glenn Medeiros featuring Bobby Brown
","July 21
 1990",,,2,,
"""Vision of Love""
","Mariah Carey
","August 4
 1990",,,4,,
"""If Wishes Came True""
","Sweet Sensation
","September 1
 1990",,,1,,
"""Blaze of Glory""
","Jon Bon Jovi
","September 8
 1990",,,1,,
"""Release Me""
","Wilson Phillips
","September 15
 1990",,,2,,
"""(Can't Live Without Your) Love and Affection""
","Nelson
","September 29
 1990",,,1,,
"""Close to You""
","Maxi Priest
","October 6
 1990",,,1,,
"""Praying for Time""
","George Michael
","October 13
 1990",,,1,,
"""I Don't Have the Heart""
","James Ingram
","October 20
 1990",,,1,,
"""Black Cat""
","Janet Jackson
","October 27
 1990",,,1,,
"""Ice Ice Baby""
","Vanilla Ice
","November 3
 1990",,,1,,
"""Love Takes Time""
","Mariah Carey
","November 10
 1990",,,3,,
"""I'm Your Baby Tonight""
","Whitney Houston
","December 1
 1990",,,1,,
"""Because I Love You (The Postman Song)""
","Stevie B
","December 8
 1990",,,4,,
"""Justify My Love""
","Madonna
","January 5
 1991",,,2,,
"""Love Will Never Do (Without You)""
","Janet Jackson
","January 19
 1991",,,1,,
"""The First Time""
","Surface
","January 26
 1991",,,2,,
"""Gonna Make You Sweat (Everybody Dance Now)""
","C+C Music Factory featuring Freedom Williams
","February 9
 1991",,,2,,
"""All the Man That I Need""
","Whitney Houston
","February 23
 1991",,,2,,
"""Someday""
","Mariah Carey
","March 9
 1991",,,2,,
"""One More Try""
","Timmy T
","March 23
 1991",,,1,,
"""Coming Out of the Dark""
","Gloria Estefan
","March 30
 1991",,,2,,
"""I've Been Thinking About You""
","Londonbeat
","April 13
 1991",,,1,,
"""You're in Love""
","Wilson Phillips
","April 20
 1991",,,1,,
"""Baby Baby""
","Amy Grant
","April 27
 1991",,,2,,
"""Joyride""
","Roxette
","May 11
 1991",,,1,,
"""I Like the Way (The Kissing Game)""
","Hi-Five
","May 18
 1991",,,1,,
"""I Don't Wanna Cry""
","Mariah Carey
","May 25
 1991",,,2,,
"""More Than Words""
","Extreme
","June 8
 1991",,,1,,
"""Rush Rush""
","Paula Abdul
","June 15
 1991",,,5,,
"""Unbelievable""
","EMF
","July 20
 1991",,,1,,
"""(Everything I Do) I Do It for You""
","Bryan Adams
","July 27
 1991",,,7,,
"""The Promise of a New Day""
","Paula Abdul
","September 14
 1991",,,1,,
"""I Adore Mi Amor""
","Color Me Badd
","September 21
 1991",,,2,,
"""Good Vibrations""
","Marky Mark and the Funky Bunch featuring Loleatta Holloway
","October 5
 1991",,,1,,
"""Emotions""
","Mariah Carey
","October 12
 1991",,,3,,
"""Romantic""
","Karyn White
","November 2
 1991",,,1,,
"""Cream""
","Prince and the New Power Generation
","November 9
 1991",,,2,,
"""When a Man Loves a Woman""
","Michael Bolton
","November 23
 1991",,,1,,
"""Set Adrift on Memory Bliss""
","P.M. Dawn
","November 30
 1991",,,1,,
"""Black or White""
","Michael Jackson
","December 7
 1991",,,7,,
"""All 4 Love""
","Color Me Badd
","January 25
 1992",,,1,,
"""Don't Let the Sun Go Down on Me""
","George Michael and Elton John
","February 1
 1992",,,1,,
"""I'm Too Sexy""
","Right Said Fred
","February 8
 1992",,,3,,
"""To Be with You""
","Mr. Big
","February 29
 1992",,,3,,
"""Save the Best for Last""
","Vanessa Williams
","March 21
 1992",,,5,,
"""Jump""
","Kris Kross
","April 25
 1992",,,8,,
"""I'll Be There""
","Mariah Carey featuring Trey Lorenz
","June 20
 1992",,,2,,
"""Baby Got Back""
","Sir Mix-a-Lot
","July 4
 1992",,,5,,
"""This Used to Be My Playground""
","Madonna
","August 8
 1992",,,1,,
"""End of the Road""
","Boyz II Men
","August 15
 1992",,,13,,
"""How Do You Talk to an Angel""
","The Heights
","November 14
 1992",,,2,,
"""I Will Always Love You""
","Whitney Houston
","November 28
 1992","January 2
 1993",,5,9,
"""A Whole New World""
","Peabo Bryson and Regina Belle
","March 6
 1993",,,1,,
"""Informer""
","Snow
","March 13
 1993",,,7,,
"""Freak Me""
","Silk
","May 1
 1993",,,2,,
"""That's the Way Love Goes""
","Janet Jackson
","May 15
 1993",,,8,,
"""Weak""
","SWV
","July 10
 1993",,,2,,
"""Can't Help Falling in Love""
","UB40
","July 24
 1993",,,7,,
"""Dreamlover""
","Mariah Carey
","September 11
 1993",,,8,,
"""I'd Do Anything for Love (But I Won't Do That)""
","Meat Loaf
","November 6
 1993",,,5,,
"""Again""
","Janet Jackson
","December 11
 1993",,,2,,
"""Hero""
","Mariah Carey
","December 25
 1993",,,4,,
"""All for Love""
","Bryan Adams / Rod Stewart / Sting
","January 22
 1994",,,3,,
"""The Power of Love""
","Céline Dion
","February 12
 1994",,,4,,
"""The Sign""
","Ace of Base
","March 12
 1994","May 7
 1994",,4,2,
"""Bump n' Grind""
","R. Kelly
","April 9
 1994",,,4,,
"""I Swear""
","All-4-One
","May 21
 1994",,,11,,
"""Stay (I Missed You)""
","Lisa Loeb & Nine Stories
","August 6
 1994",,,3,,
"""I'll Make Love to You""
","Boyz II Men
","August 27
 1994",,,14,,
"""On Bended Knee""
","[49]
","December 3
 1994",,,2,,
"""Here Comes the Hotstepper""
","Ini Kamoze
","December 17
 1994",,,2,,
"""On Bended Knee""
","Boyz II Men
","December 31
 1994",,,4,,
"""Creep""
","TLC
","January 28
 1995",,,4,,
"""Take a Bow""
","Madonna
","February 25
 1995",,,7,,
"""This Is How We Do It""
","Montell Jordan
","April 15
 1995",,,7,,
"""Have You Ever Really Loved a Woman?""
","Bryan Adams
","June 3
 1995",,,5,,
"""Waterfalls""
","TLC
","July 8
 1995",,,7,,
"""Kiss from a Rose""
","Seal
","August 26
 1995",,,1,,
"""You Are Not Alone""
","Michael Jackson
","September 2
 1995",,,1,,
"""Gangsta's Paradise""
","Coolio featuring L.V.
","September 9
 1995",,,3,,
"""Fantasy""
","Mariah Carey
","September 30
 1995",,,8,,
"""Exhale (Shoop Shoop)""
","Whitney Houston
","November 25
 1995",,,1,,
"""One Sweet Day""
","Mariah Carey and Boyz II Men
","December 2
 1995",,,16,,
"""Because You Loved Me""
","Céline Dion
","March 23
 1996",,,6,,
"""Always Be My Baby""
","Mariah Carey
","May 4
 1996",,,2,,
"""Tha Crossroads""
","Bone Thugs-n-Harmony
","May 18
 1996",,,8,,
"""How Do U Want It"" / ""California Love""
","2Pac featuring K-Ci & JoJo / featuring Dr. Dre and Roger Troutman
","July 13
 1996",,,2,,
"""You're Makin' Me High"" / ""Let It Flow""
","Toni Braxton
","July 27
 1996",,,1,,
"""Macarena"" (Bayside Boys Mix)
","Los Del Rio
","August 3
 1996",,,14,,
"""No Diggity""
","Blackstreet featuring Dr. Dre
","November 9
 1996",,,4,,
"""Un-Break My Heart""
","Toni Braxton
","December 7
 1996",,,11,,
"""Wannabe""
","Spice Girls
","February 22
 1997",,,4,,
"""Can't Nobody Hold Me Down""
","Puff Daddy featuring Mase
","March 22
 1997",,,6,,
"""Hypnotize""
","The Notorious B.I.G.
","May 3
 1997",,,3,,
"""MMMBop""
","Hanson
","May 24
 1997",,,3,,
"""I'll Be Missing You""
","Puff Daddy and Faith Evans featuring 112
","June 14
 1997",,,11,,
"""Mo Money Mo Problems""
","The Notorious B.I.G. featuring Puff Daddy and Mase
","August 30
 1997",,,2,,
"""Honey""
","Mariah Carey
","September 13
 1997",,,3,,
"""4 Seasons of Loneliness""
","Boyz II Men
","October 4
 1997",,,1,,
"""Candle in the Wind 1997"" /""Something About the Way You Look Tonight""
","Elton John
","October 11
 1997",,,12,,
"""Something About the Way You Look Tonight"" / ""Candle in the Wind 1997""
","Elton John
","January 3
 1998",,,2,,
"""Truly Madly Deeply""
","Savage Garden
","January 17
 1998",,,2,,
"""Together Again""
","Janet
","January 31
 1998",,,2,,
"""Nice & Slow""
","Usher
","February 14
 1998",,,2,,
"""My Heart Will Go On""
","Céline Dion
","February 28
 1998",,,2,,
"""Gettin' Jiggy wit It”
","Will Smith
","March 14
 1998",,,3,,
"""All My Life""
","K-Ci & JoJo
","April 4
 1998",,,3,,
"""Too Close""
","Next
","April 25
 1998","May 30
 1998",,4,1,
"""My All""
","Mariah Carey
","May 23
 1998",,,1,,
"""The Boy Is Mine""
","Brandy and Monica
","June 6
 1998",,,13,,
"""I Don't Want to Miss a Thing""
","Aerosmith
","September 5
 1998",,,4,,
"""The First Night""
","Monica
","October 3
 1998","October 24
 1998",,2,3,
"""One Week""
","Barenaked Ladies
","October 17
 1998",,,1,,
"""Doo Wop (That Thing)""
","Lauryn Hill
","November 14
 1998",,,2,,
"""Lately""
","Divine
","November 28
 1998",,,1,,
"""I'm Your Angel""
","R. Kelly and Céline Dion
","December 5
 1998",,,6,,
"""Have You Ever?""
","Brandy
","January 16
 1999",,,2,,
"""...Baby One More Time""
","Britney Spears
","January 30
 1999",,,2,,
"""Angel of Mine""
","Monica
","February 13
 1999",,,4,,
"""Believe""
","Cher
","March 13
 1999",,,4,,
"""No Scrubs""
","TLC
","April 10
 1999",,,4,,
"""Livin' la Vida Loca""
","Ricky Martin
","May 8
 1999",,,5,,
"""If You Had My Love""
","Jennifer Lopez
","June 12
 1999",,,5,,
"""Bills, Bills, Bills""
","Destiny's Child
","July 17
 1999",,,1,,
"""Wild Wild West""
","Will Smith featuring Dru Hill and Kool Moe Dee
","July 24
 1999",,,1,,
"""Genie in a Bottle""
","Christina Aguilera
","July 31
 1999",,,5,,
"""Bailamos""
","Enrique Iglesias
","September 4
 1999",,,2,,
"""Unpretty""
","TLC
","September 18
 1999",,,3,,
"""Heartbreaker""
","Mariah Carey featuring Jay-Z
","October 9
 1999",,,2,,
"""Smooth""
","Santana featuring Rob Thomas
","October 23
 1999","January 1
 2000",,10,2,
"""What a Girl Wants""
","Christina Aguilera
","January 15
 2000",,,2,,
"""I Knew I Loved You""
","Savage Garden
","January 29
 2000","February 26
 2000",,3,1,
"""Thank God I Found You""
","Mariah Carey featuring Joe and 98 Degrees
","February 19
 2000",,,1,,
"""Amazed""
","Lonestar
","March 4
 2000",,,2,,
"""Say My Name""
","Destiny's Child
","March 18
 2000",,,3,,
"""Maria Maria""
","Santana featuring The Product G&B
","April 8
 2000",,,10,,
"""Try Again""
","Aaliyah
","June 17
 2000",,,1,,
"""Be with You""
","Enrique Iglesias
","June 24
 2000",,,3,,
"""Everything You Want""
","Vertical Horizon
","July 15
 2000",,,1,,
"""Bent""
","Matchbox Twenty
","July 22
 2000",,,1,,
"""It's Gonna Be Me""
","NSYNC
","July 29
 2000",,,2,,
"""Incomplete""
","Sisqó
","August 12
 2000",,,2,,
"""Doesn't Really Matter""
","Janet
","August 26
 2000",,,3,,
"""Music""
","Madonna
","September 16
 2000",,,4,,
"""Come on Over Baby (All I Want Is You)""
","Christina Aguilera
","October 14
 2000",,,4,,
"""With Arms Wide Open""
","Creed
","November 11
 2000",,,1,,
"""Independent Women Part I""
","Destiny's Child
","November 18
 2000","January 6
 2001",,7,4,
"""It Wasn't Me""
","Shaggy featuring Ricardo ""RikRok"" Ducent
","February 3
 2001",,,2,,
"""Ms. Jackson""
","OutKast
","February 17
 2001",,,1,,
"""Stutter""
","Joe featuring Mystikal
","February 24
 2001",,,4,,
"""Butterfly""
","Crazy Town
","March 24
 2001","April 7
 2001",,1,1,
"""Angel""
","Shaggy featuring Rayvon
","March 31
 2001",,,1,,
"""All for You""
","Janet
","April 14
 2001",,,7,,
"""Lady Marmalade""
","Christina Aguilera, Lil' Kim, Mýa and Pink
","June 2
 2001",,,5,,
"""U Remind Me""
","Usher
","July 7
 2001",,,4,,
"""Bootylicious""
","Destiny's Child
","August 4
 2001",,,2,,
"""Fallin'""
","Alicia Keys
","August 18
 2001","September 29
 2001",,3,3,
"""I'm Real (Murder Remix)""
","Jennifer Lopez featuring Ja Rule
","September 8
 2001","October 20
 2001",,3,2,
"""Family Affair""
","Mary J. Blige
","November 3
 2001",,,6,,
"""U Got It Bad""
","Usher
","December 15
 2001","January 19
 2002",,1,5,
"""How You Remind Me""
","Nickelback
","December 22
 2001",,,4,,
"""Always on Time""
","Ja Rule featuring Ashanti
","February 23
 2002",,,2,,
"""Ain't It Funny""
","Jennifer Lopez featuring Ja Rule
","March 9
 2002",,,6,,
"""Foolish""
","Ashanti
","April 20
 2002",,,10,,
"""Hot in Herre""
","Nelly
","June 29
 2002",,,7,,
"""Dilemma""
","Nelly featuring Kelly Rowland
","August 17
 2002","October 19
 2002",,7,3,
"""A Moment Like This""
","Kelly Clarkson
","October 5
 2002",,,2,,
"""Lose Yourself""
","Eminem
","November 9
 2002","January 4
 2003",,8,4,
"""Bump, Bump, Bump""
","B2K featuring P. Diddy
","February 1
 2003",,,1,,
"""All I Have""
","Jennifer Lopez featuring LL Cool J
","February 8
 2003",,,4,,
"""In da Club""
","50 Cent
","March 8
 2003",,,9,,
"""Get Busy""
","Sean Paul
","May 10
 2003",,,3,,
"""21 Questions""
","50 Cent featuring Nate Dogg
","May 31
 2003",,,4,,
"""This Is the Night""
","Clay Aiken
","June 28
 2003",,,2,,
"""Crazy in Love""
","Beyoncé featuring Jay-Z
","July 12
 2003",,,8,,
"""Shake Ya Tailfeather""
","Nelly, P. Diddy and Murphy Lee
","September 6
 2003",,,4,,
"""Baby Boy""
","Beyoncé featuring Sean Paul
","October 4
 2003",,,9,,
"""Stand Up""
","Ludacris featuring Shawnna
","December 6
 2003",,,1,,
"""Hey Ya!""
","OutKast
","December 13
 2003",,,9,,
"""The Way You Move""
","OutKast featuring Sleepy Brown
","February 14
 2004",,,1,,
"""Slow Jamz""
","Twista featuring Kanye West and Jamie Foxx
","February 21
 2004",,,1,,
"""Yeah!""
","Usher featuring Lil Jon and Ludacris
","February 28
 2004",,,12,,
"""Burn""
","Usher
","May 22
 2004","July 17
 2004",,7,1,
"""I Believe""
","Fantasia
","July 10
 2004",,,1,,
"""Confessions Part II""
","[39]
","July 24
 2004",,,2,,
"""Slow Motion""
","Juvenile featuring Soulja Slim
","August 7
 2004",,,2,,
"""Lean Back""
","Terror Squad
","August 21
 2004",,,3,,
"""Goodies""
","Ciara featuring Petey Pablo
","September 11
 2004",,,7,,
"""My Boo""
","Usher and Alicia Keys
","October 30
 2004",,,6,,
"""Drop It Like It's Hot""
","Snoop Dogg featuring Pharrell
","December 11
 2004",,,3,,
"""Let Me Love You""
","Mario
","January 1
 2005",,,9,,
"""Candy Shop""
","50 Cent featuring Olivia
","March 5
 2005",,,9,,
"""Hollaback Girl""
","Gwen Stefani
","May 7
 2005",,,4,,
"""We Belong Together""
","Mariah Carey
","June 4
 2005","July 9
 2005",,4,10,
"""Inside Your Heaven""
","Carrie Underwood
","July 2
 2005",,,1,,
"""Gold Digger""
","Kanye West featuring Jamie Foxx
","September 17
 2005",,,10,,
"""Run It!""
","Chris Brown
","November 26
 2005",,,5,,
"""Don't Forget About Us""
","Mariah Carey
","December 31
 2005",,,2,,
"""Laffy Taffy""
","D4L
","January 14
 2006",,,1,,
"""Grillz""
","Nelly featuring Paul Wall, Ali & Gipp
","January 21
 2006",,,2,,
"""Check on It""
","Beyoncé featuring Slim Thug
","February 4
 2006",,,5,,
"""You're Beautiful""
","James Blunt
","March 11
 2006",,,1,,
"""So Sick""
","Ne-Yo
","March 18
 2006",,,2,,
"""Temperature""
","Sean Paul
","April 1
 2006",,,1,,
"""Bad Day""
","Daniel Powter
","April 8
 2006",,,5,,
"""SOS""
","Rihanna
","May 13
 2006",,,3,,
"""Ridin'""
","Chamillionaire featuring Krayzie Bone
","June 3
 2006",,,2,,
"""Hips Don't Lie""
","Shakira featuring Wyclef Jean
","June 17
 2006",,,2,,
"""Do I Make You Proud""
","Taylor Hicks
","July 1
 2006",,,1,,
"""Promiscuous""
","Nelly Furtado featuring Timbaland
","July 8
 2006",,,6,,
"""London Bridge""
","Fergie
","August 19
 2006",,,3,,
"""SexyBack""
","Justin Timberlake
","September 9
 2006",,,7,,
"""Money Maker""
","Ludacris featuring Pharrell
","October 28
 2006",,,2,,
"""My Love""
","Justin Timberlake featuring T.I.
","November 11
 2006",,,3,,
"""I Wanna Love You""
","Akon featuring Snoop Dogg
","December 2
 2006",,,2,,
"""Irreplaceable""
","Beyoncé
","December 16
 2006",,,10,,
"""Say It Right""
","Nelly Furtado
","February 24
 2007",,,1,,
"""What Goes Around...Comes Around""
","Justin Timberlake
","March 3
 2007",,,1,,
"""This Is Why I'm Hot""
","Mims
","March 10
 2007",,,2,,
"""Glamorous""
","Fergie featuring Ludacris
","March 24
 2007",,,2,,
"""Don't Matter""
","Akon
","April 7
 2007",,,2,,
"""Give It to Me""
","Timbaland featuringNelly Furtado and Justin Timberlake
","April 21
 2007",,,2,,
"""Girlfriend""
","Avril Lavigne
","May 5
 2007",,,1,,
"""Makes Me Wonder""
","Maroon 5
","May 12
 2007","June 2
 2007",,2,1,
"""Buy U a Drank (Shawty Snappin')""
","T-Pain featuring Yung Joc
","May 26
 2007",,,1,,
"""Umbrella""
","Rihanna featuring Jay-Z
","June 9
 2007",,,7,,
"""Hey There Delilah""
","Plain White T's
","July 28
 2007",,,2,,
"""Beautiful Girls""
","Sean Kingston
","August 11
 2007",,,4,,
"""Big Girls Don't Cry""
","Fergie
","September 8
 2007",,,1,,
"""Crank That (Soulja Boy)""
","Soulja Boy Tell 'Em
","September 15
 2007","October 6
 2007",,2,5,
"""Stronger""
","Kanye West
","September 29
 2007",,,1,,
"""Kiss Kiss""
","Chris Brown featuring T-Pain
","November 10
 2007",,,3,,
"""No One""
","Alicia Keys
","December 1
 2007",,,5,,
"""Low""
","Flo Rida featuring T-Pain
","January 5
 2008",,,10,,
"""Love in This Club""
","Usher featuring Young Jeezy
","March 15
 2008",,,3,,
"""Bleeding Love""
","Leona Lewis
","April 5
 2008","April 26
 2008","May 10
 2008",1,1,2
"""Touch My Body""
","Mariah Carey
","April 12
 2008",,,2,,
"""Lollipop""
","Lil Wayne featuring Static Major
","May 3
 2008","May 31
 2008",,1,4,
"""Take a Bow""
","Rihanna
","May 24
 2008",,,1,,
"""Viva la Vida""
","Coldplay
","June 28
 2008",,,1,,
"""I Kissed a Girl""
","Katy Perry
","July 5
 2008",,,7,,
"""Disturbia""
","Rihanna
","August 23
 2008",,,2,,
"""Whatever You Like""
","T.I.
","September 6
 2008","October 4
 2008","November 1
 2008",3,2,2
"""So What""
","Pink
","September 27
 2008",,,1,,
"""Live Your Life""
","T.I. featuring Rihanna
","October 18
 2008","November 15
 2008","December 20
 2008",1,4,1
"""Womanizer""
","Britney Spears
","October 25
 2008",,,1,,
"""Single Ladies (Put a Ring on It)""
","Beyoncé
","December 13
 2008","December 27
 2008",,1,3,
"""Just Dance""
","Lady Gaga featuring Colby O'Donis
","January 17
 2009",,,3,,
"""My Life Would Suck Without You""
","Kelly Clarkson
","February 7
 2009",,,2,,
"""Crack a Bottle""
","Eminem, Dr. Dre and 50 Cent
","February 21
 2009",,,1,,
"""Right Round""
","Flo Rida
","February 28
 2009",,,6,,
"""Poker Face""
","Lady Gaga
","April 11
 2009",,,1,,
"""Boom Boom Pow""
","The Black Eyed Peas
","April 18
 2009",,,12,,
"""I Gotta Feeling""
","[35]
","July 11
 2009",,,14,,
"""Down""
","Jay Sean featuring Lil Wayne
","October 17
 2009","October 31
 2009",,1,1,
"""3""
","Britney Spears
","October 24
 2009",,,1,,
"""Fireflies""
","Owl City
","November 7
 2009","November 21
 2009",,1,1,
"""Whatcha Say""
","Jason Derulo
","November 14
 2009",,,1,,
"""Empire State of Mind""
","Jay-Z and Alicia Keys
","November 28
 2009",,,5,,
"""Tik Tok""
","Kesha
","January 2
 2010",,,9,,
"""Imma Be""
","The Black Eyed Peas
","March 6
 2010",,,2,,
"""Break Your Heart""
","Taio Cruz featuring Ludacris
","March 20
 2010",,,1,,
"""Rude Boy""
","Rihanna
","March 27
 2010",,,5,,
"""Nothin' on You""
","B.o.B featuring Bruno Mars
","May 1
 2010",,,2,,
"""OMG""
","Usher featuring will.i.am
","May 15
 2010","May 29
 2010",,1,3,
"""Not Afraid""
","Eminem
","May 22
 2010",,,1,,
"""California Gurls""
","Katy Perry featuring Snoop Dogg
","June 19
 2010",,,6,,
"""Love the Way You Lie""
","Eminem featuring Rihanna
","July 31
 2010",,,7,,
"""Teenage Dream""
","Katy Perry
","September 18
 2010",,,2,,
"""Just the Way You Are""
","Bruno Mars
","October 2
 2010",,,4,,
"""Like a G6""
","Far East Movement featuring The Cataracs and Dev
","October 30
 2010","November 27
 2010",,2,1,
"""We R Who We R""
","Kesha
","November 13
 2010",,,1,,
"""What's My Name?""
","Rihanna featuring Drake
","November 20
 2010",,,1,,
"""Only Girl (In the World)""
","Rihanna
","December 4
 2010",,,1,,
"""Raise Your Glass""
","Pink
","December 11
 2010",,,1,,
"""Firework""
","Katy Perry
","December 18
 2010",,January 15 2011,3,,1
"""Grenade""
","Bruno Mars
",January 8 2011,January 22 2011,February 5 2011,1,1,2
"""Hold It Against Me""
","Britney Spears
",January 29 2011,,,1,,
"""Black and Yellow""
","Wiz Khalifa
",February 19 2011,,,1,,
"""Born This Way""
","Lady Gaga
",February 26 2011,,,6,,
"""E.T.""
","Katy Perry featuring Kanye West
",April 9 2011,May 7 2011,,3,2,
"""S&M""
","Rihanna featuring Britney Spears[25]
",April 30 2011,,,1,,
"""Rolling in the Deep""
","Adele
",May 21 2011,,,7,,
"""Give Me Everything""
","Pitbull featuring Ne-Yo, Afrojack and Nayer
",July 9 2011,,,1,,
"""Party Rock Anthem""
","LMFAO featuring Lauren Bennett and GoonRock
",July 16 2011,,,6,,
"""Last Friday Night (T.G.I.F.)""
","Katy Perry
",August 27 2011,,,2,,
"""Moves Like Jagger""
","Maroon 5 featuring Christina Aguilera
",September 10 2011,September 24 2011,,1,3,
"""Someone Like You""
","Adele
",September 17 2011,October 15 2011,,1,4,
"""We Found Love""
","Rihanna featuring Calvin Harris
",November 12 2011,"January 21
 2012",,8,2,
"""Sexy and I Know It""
","LMFAO
","January 7
 2012",,,2,,
"""Set Fire to the Rain""
","Adele
","February 4
 2012",,,2,,
"""Stronger (What Doesn't Kill You)""
","Kelly Clarkson
","February 18
 2012","March 10
 2012",,2,1,
"""Part of Me""
","Katy Perry
","March 3
 2012",,,1,,
"""We Are Young""
","Fun featuring Janelle Monáe
","March 17
 2012",,,6,,
"""Somebody That I Used to Know""
","Gotye featuring Kimbra
","April 28
 2012",,,8,,
"""Call Me Maybe""
","Carly Rae Jepsen
","June 23
 2012",,,9,,
"""Whistle""
","Flo Rida
","August 25
 2012","September 15
 2012",,1,1,
"""We Are Never Ever Getting Back Together""
","Taylor Swift
","September 1
 2012","September 22
 2012",,2,1,
"""One More Night""
","Maroon 5
","September 29
 2012",,,9,,
"""Diamonds""
","Rihanna
","December 1
 2012",,,3,,
"""Locked Out of Heaven""
","Bruno Mars
","December 22
 2012",,,6,,
"""Thrift Shop"" [4]
","Macklemore & Ryan Lewis featuring Wanz
","February 2
 2013","April 6
 2013",,4,2,
"""Harlem Shake""
","Baauer
","March 2
 2013",,,5,,
"""When I Was Your Man""
","Bruno Mars
","April 20
 2013",,,1,,
"""Just Give Me a Reason""
","Pink featuring Nate Ruess
","April 27
 2013",,,3,,
"""Can't Hold Us""
","Macklemore & Ryan Lewis featuring Ray Dalton
","May 18
 2013",,,5,,
"""Blurred Lines""
","Robin Thicke featuring T.I. and Pharrell
","June 22
 2013",,,12,,
"""Roar""
","Katy Perry
","September 14
 2013",,,2,,
"""Wrecking Ball""
","Miley Cyrus
","September 28
 2013","December 14
 2013",,2,1,
"""Royals""
","Lorde
","October 12
 2013",,,9,,
"""The Monster""
","Eminem featuring Rihanna
","December 21
 2013",,,4,,
"""Timber""
","Pitbull featuring Kesha
","January 18
 2014",,,3,,
"""Dark Horse""
","Katy Perry featuring Juicy J
","February 8
 2014",,,4,,
"""Happy"" [1]
","Pharrell Williams
","March 8
 2014",,,10,,
"""All of Me""
","John Legend
","May 17
 2014",,,3,,
"""Fancy""
","Iggy Azalea featuring Charli XCX
","June 7
 2014",,,7,,
"""Rude""
","Magic!
","July 26
 2014",,,6,,
"""Shake It Off""
","Taylor Swift
","September 6
 2014","November 15
 2014",,2,2,
"""All About That Bass""
","Meghan Trainor
","September 20
 2014",,,8,,
"""Blank Space""
","Taylor Swift
","November 29
 2014","January 3
 2015",,5,2,
"""Uptown Funk"" 
","Mark Ronson featuring Bruno Mars
","January 17
 2015",,,14,,
"""See You Again""
","Wiz Khalifa featuring Charlie Puth
","April 25
 2015","June 13
 2015",,6,6,
"""Bad Blood""
","Taylor Swift featuring Kendrick Lamar
","June 6
 2015",,,1,,
"""Cheerleader""
","Omi
","July 25
 2015","August 29
 2015",,4,2,
"""Can't Feel My Face""
","The Weeknd
","August 22
 2015","September 12
 2015","September 26
 2015",1,1,1
"""What Do You Mean?""
","Justin Bieber
","September 19
 2015",,,1,,
"""The Hills""
","[42]
","October 3
 2015",,,6,,
"""Hello""
","Adele
","November 14
 2015","January 2
 2016",,7,3,
"""Sorry""
","Justin Bieber
","January 23
 2016",,,3,,
"""Love Yourself"" 
","Justin Bieber
","February 13
 2016","February 27
 2016",,1,1,
"""Pillowtalk""
","Zayn
","February 20
 2016",,,1,,
"""Work""
","Rihanna featuring Drake
","March 5
 2016",,,9,,
"""Panda""
","Desiigner
","May 7
 2016",,,2,,
"""One Dance""
","Drake featuring Wizkid and Kyla
","May 21
 2016","June 4
 2016",,1,9,
"""Can't Stop the Feeling!""
","Justin Timberlake
","May 28
 2016",,,1,,
"""Cheap Thrills""
","Sia featuring Sean Paul
","August 6
 2016",,,4,,
"""Closer""
","The Chainsmokers featuring Halsey
","September 3
 2016",,,12,,
"""Black Beatles""
","Rae Sremmurd featuring Gucci Mane
","November 26
 2016","January 14
 2017",,6,1,
"""Starboy""
","The Weeknd featuring Daft Punk
","January 7
 2017",,,1,,
"""Bad and Boujee""
","Migos featuring Lil Uzi Vert
","January 21
 2017","February 4
 2017",,1,2,
"""Shape of You"" 
","Ed Sheeran
","January 28
 2017","February 18
 2017",,1,11,
"""Humble""
","Kendrick Lamar
","May 6
 2017",,,1,,
"""That's What I Like""
","Bruno Mars
","May 13
 2017",,,1,,
"""I'm the One""
","DJ Khaled featuring Justin Bieber, Quavo, Chance the Rapper and Lil Wayne
","May 20
 2017",,,1,,
"""Despacito""
","Luis Fonsi and Daddy Yankee featuring Justin Bieber
","May 27
 2017",,,16,,
"""Look What You Made Me Do""
","Taylor Swift
","September 16
 2017",,,3,,
"""Bodak Yellow""
","Cardi B
","October 7
 2017",,,3,,
"""Rockstar""
","Post Malone featuring 21 Savage
","October 28
 2017",,,8,,
